{
  "time": 10000,
  "steps":[
    {
      "coord":{
        "crs":"EPSG:3946",
        "x":1842082.8405581769,
        "y":5175964.331987019,
        "z":166.4914081353953
      },
      "tilt":29.970211286072328,
      "heading":16.196432700450487,
      "range":628.1155700387005
    },
    {
      "coord":{
        "crs":"EPSG:3946",
        "x":1842394.8792056201,
        "y":5175870.911424206,
        "z":166.49411764705883
      },
      "tilt":42.73108509201015,
      "heading":-21.89829623091194,
      "range":1254.2502319844648
    },
    {
      "coord":{
        "crs":"EPSG:3946",
        "x":1842624.6595691713,
        "y":5176193.074391918,
        "z":203.71935301832778
      },
      "tilt":66.23412925558483,
      "heading":-124.69246150596311,
      "range":605.7127106196641
    },
    {
      "coord":{
        "crs":"EPSG:3946",
        "x":1842207.6246002591,
        "y":5176201.927949013,
        "z":203.17792582416595
      },
      "tilt":41.45835558997148,
      "heading":-157.20328650825277,
      "range":2483.772485558374
    }
  ]
}
